Map,Correct
"AT&T Labs, Research",AT&T
Aalborg Univ,Aalborg University
Aalborg University Copenhagen,Aalborg University
"Department of Computer Science / Research Centre for Socio+Interactive Design, Aalborg University",Aalborg University
Department of Computer Science Aalborg University,Aalborg University
CS Aalto University,Aalto University
Department of Communications and Networking Aalto University,Aalto University
"Department of Computer Science, Aalto University",Aalto University
Aarhus,Aarhus University
Aarhus Univ,Aarhus University
"Aarhus University, Digital Design & Information Studies",Aarhus University
Aarhus Unviersity,Aarhus University
University of Aarhus,Aarhus University
"ACCESS Co., Ltd.","Access co., ltd."
Adobe Research,Adobe
"Agency for Science, Technology and Research (A*STAR)","Agency for Science, Technology and Research"
Institute for Infocomm Research,"Agency for Science, Technology and Research"
"Institute for Infocomm Research, A*STAR","Agency for Science, Technology and Research"
Alibaba AI Lab,Alibaba
Alibaba Group,Alibaba
Alibaba Research,Alibaba
Allen Institute of AI,Allen Institute for AI
Amazon AI,Amazon
Lab126,Amazon
Apple Inc.,Apple
"Argonne National Laboratory, Lemont",Argonne National Laboratory
Art Institute of California - Orange County,Argosy University
"Aston University, Birmingham",Aston University
AUT University,Auckland University of Technology
Audi AG,Audi
Univ. of Applied Sciences Augsburg,Augsburg Technical University of Applied Sciences
AIT,Austrian Institute Of Technology
Austrian Institute Of Technology,Austrian Institute Of Technology
Austrian Institute Of Technology,Austrian Institute of Technology
Austrian Institute of Technology,Austrian Institute of Technology
"Austrian Institute of Technology, Vienna",Austrian Institute of Technology
Autodesk Research,Autodesk
Autodesk Research Toronto,Autodesk
"Avaya Labs Research, Basking Ridge",Avaya
BBC Research & Innovation,BBC
Barnard College - Columbia University,Barnard College
Bauhaus University Weimar,Bauhaus-Universität Weimar
Bauhaus Universit��t,Bauhaus-Universität Weimar
Bauhaus-University Weimar,Bauhaus-Universität Weimar
Bauhaus-Universit��t Weimar,Bauhaus-Universität Weimar
"Mobile Media Group, Bauhaus-Universität Weimar",Bauhaus-Universität Weimar
"Usability Research Group, Bauhaus-Universität Weimar",Bauhaus-Universität Weimar
BMW,Bayerische Motoren Werke AG
BMW Group Research,Bayerische Motoren Werke AG
BMW Group Research and Technology,Bayerische Motoren Werke AG
"Beijing Normal University, Beijing",Beijing Normal University
Beijing University of Posts and Telecommunications & Nokia Research Center,Beijing University of Posts and Telecommunications
"Alcatel-Lucent Bell Labs, Bangalore","Bell Labs, Alcaltel-Lucent"
"Bell Labs India, Alcatel-Lucent","Bell Labs, Alcaltel-Lucent"
"Bell Labs Research, Bangalore","Bell Labs, Alcaltel-Lucent"
Ben Gurion University,Ben-Gurion University of the Negev
Ben-Gurion University,Ben-Gurion University of the Negev
Ben-Gurion University of the Negev,Ben-Gurion University of the Negev
"Magic Lab, Industrial Engineering and Management, Ben Gurion University of the Negev",Ben-Gurion University of the Negev
"BenQ Mobile GmbH & Co., Munich",BenQ
University of Arts Berlin,Berlin University of the Arts
BHT,Berliner Hochschule für Technik
Birla Institute of Technology and Science (BITS),Birla Institute of Technology and Science
Blekinge Inst. of Technology,Blekinge Institute of Technology
Applied Media Informatics Bremen City University of Applied Science,Bremen University of Applied Sciences
"Brigham Young University, Provo",Brigham Young University
Brunel University,Brunel University London
Brunell University,Brunel University London
Bundeswehr University and LMU Munich,Bundeswehr University Munich
"Bundeswehr University, Munich",Bundeswehr University Munich
Universitat der Bundeswehr Munich,Bundeswehr University Munich
University of the Bundeswehr,Bundeswehr University Munich
University of the Bundeswehr Munich,Bundeswehr University Munich
Universität der Bundeswehr München,Bundeswehr University Munich
BETandWIN.com Interactive Entertainment AG,Bwin Interactive Entertainment
bwin Interactive Entertainment AG,Bwin Interactive Entertainment
CISPA Helmholtz-Center for Information Security,CISPA Helmholtz Center for Information Security
CREATE-NET International Research Center,CREATE-NET
CURE - Center for Usability Research & Engineering,"CURE - Center for Usability, Research Engineering"
CURE - Center for Usability Research and Engineering,"CURE - Center for Usability, Research Engineering"
CURE Center for Usability Research & Engineering,"CURE - Center for Usability, Research Engineering"
University of Venice,Ca' Foscari University of Venice
California College of Art,California College of the Arts
"Calman Trust, Inverness, Highland",Calman Trust
School of Computer Science and Informatics Cardiff University,Cardiff University
"University of Applied Science, Europastrasse 4",Carinthia University of Applied Sciences
"Carleton University, Ottawa",Carleton University
CMU,Carnegie Mellon University
CMU Madeira,Carnegie Mellon University
Carnegie Mellon,Carnegie Mellon University
Carnegie Mellon HCII,Carnegie Mellon University
Carnegie Mellon University Madeira,Carnegie Mellon University
"Computational Design Lab, Carnegie Mellon University",Carnegie Mellon University
Curnegie Mellon University,Carnegie Mellon University
Human Computer Interaction Institute Carnegie Mellon University,Carnegie Mellon University
Human-Computer Interaction Institute Carnegie Mellon University,Carnegie Mellon University
"Human-Computer Interaction Institute, CMU",Carnegie Mellon University
Carnegie Mellon University USA,Carnegie Mellon UniversityU of Michiganmichi
Center for Advanced Internet Studies (CAIS) gGmbH,Center for Advanced Internet Studies
CRS4,"Center for Advanced Studies, Research and Development in Sardinia"
"Centria Research and Development, Ylivieska",Centria University of Applied Sciences
Centrum Wiskunde & Informatica (CWI,Centrum Wiskunde & Informatica
Centrum Wiskunde & Informatica (CWI),Centrum Wiskunde & Informatica
Centrum Wiskunde & Informatica (CWI) Amsterdam,Centrum Wiskunde & Informatica
Cerence GmbH,Cerence
Cerence Inc.,Cerence
Chalmers University,Chalmers University of Technology
"t2i Lab, Chalmers University of Technology",Chalmers University of Technology
Chinese Academy of Sciences (ISCAS),Chinese Academy of Sciences
"School of Artificial Intelligence, University of Chinese Academy of Sciences",Chinese Academy of Sciences
"Chonnam National University, Gwangju",Chonnam National University
City University Hong Kong,City University of Hong Kong
"School of Creative Media, City University of Hong Kong",City University of Hong Kong
"Centre for HCI Design, City University London","City, University of London"
City University London,"City, University of London"
City University of London,"City, University of London"
"City University, London","City, University of London"
TU Clausthal,Clausthal University of Technology
"Colorado State University, Fort Collins",Colorado State University
Columbia,Columbia University
CSIRO,Commonwealth Scientific and Industrial Research Organisation
CSIRO ICT Centre,Commonwealth Scientific and Industrial Research Organisation
Department of Design and Computation Arts Faculty of Fine Arts Concordia University,Concordia University
CNR,Consiglio Nazionale delle Ricerche
"Cork Institute of Technology, Cork",Cork Institute of Technology
Cornell Tech New York,Cornell Tech
Cornell,Cornell University
"Department of Information Science, Cornell University",Cornell University
DGIST,Daegu Gyeongbuk Institute of Science and Technology
"Dalhousie University, Halifax",Dalhousie University
Darmouth College,Dartmouth College
Dartmouth University,Dartmouth College
"AI on the Ground, Data & Society Research Institute",Data & Society Research Institute
"De La Salle University, Manila",De La Salle University
DePaul,DePaul University
DePaul University Erete,DePaul University
 Dedan Kimathi University of Technology,Dedan Kimathi University of Technology
Delft,Delft University of Technology
"Department of Industrial design, Delft University of Technology",Delft University of Technology
"Faculty of Industrial Design Engineering, Delft University of Technology",Delft University of Technology
Interactive Intelligence Delft University of Technology,Delft University of Technology
TU Delft,Delft University of Technology
TU/Delft,Delft University of Technology
"University of Technology, kampweg, Soesterberg",Delft University of Technology
Disney Research,Disney
"DOCOMO Euro Labs, Munich",DoCoMo Communications Laboratories Europe GmbH
DOCOMO Euro-Labs,DoCoMo Communications Laboratories Europe GmbH
DoCoMo Euro-Labs Munich,DoCoMo Communications Laboratories Europe GmbH
Docomo Communications Laboratories Europe,DoCoMo Communications Laboratories Europe GmbH
"Doshisha University, Kyoto",Doshisha University
"HCI Group, TU Dresden",Dresden University of Technology
"Interactive Media Lab, Technische Universität Dresden",Dresden University of Technology
TU Dresden,Dresden University of Technology
Technische Universität Dresden,Dresden University of Technology
University of Technology Dresden,Dresden University of Technology
Drexel,Drexel University
"Dublin City University, Dublin",Dublin City University
"Duke University, Durham",Duke University
"IADT, Dublin","Dún Laoghaire Institute of Art, Design and Technology"
"ESTIA, Bidart",ESTIA Institute of Technology
École Supérieure des Technologies Industrielles Avancées,ESTIA Institute of Technology
"Computer Engineering and Networks Laboratory, ETH Zurich",ETH Zurich
ETH Zürich,ETH Zurich
"PCCV, ETH Zurich",ETH Zurich
"Swiss Federal Institute of Technology, Zurich",ETH Zurich
"Eastern Switzerland University of Applied Sciences, St.Gallen",Eastern Switzerland University of Applied Sciences
OST – Ostschweizer Fachhochschule,Eastern Switzerland University of Applied Sciences
Napier University,Edinburgh Napier University
Eindhoven University,Eindhoven University of Technology
Eindhoven University of Technology (TU/e),Eindhoven University of Technology
Eindhoven University of Technology (will be TU Bergakademie Freiberg from October onwards),Eindhoven University of Technology
Eindhoven University of Technology Netherlands,Eindhoven University of Technology
Eindhoven Unversity of Technology,Eindhoven University of Technology
"Human-Technology Interaction group, Eindhoven",Eindhoven University of Technology
"Human-Technology Interaction, Eindhoven University of Technology",Eindhoven University of Technology
TU Eindhoven,Eindhoven University of Technology
TU Eindhoven University of Technology,Eindhoven University of Technology
TU Eindhoven University of Technology Netherlands,Eindhoven University of Technology
TU/e,Eindhoven University of Technology
TU/e - Netherlands,Eindhoven University of Technology
Technical University Eindhoven,Eindhoven University of Technology
Technical University of Eindhoven,Eindhoven University of Technology
Technical University of Eindhoven Netherland,Eindhoven University of Technology
Technical University of Eindhoven Netherlands,Eindhoven University of Technology
Technische Universiteit Eindhoven,Eindhoven University of Technology
University of Eindhoven,Eindhoven University of Technology
"ETRI, Daejeon",Electronics and Telecommunications Research Institute
"Centro de Investigación Científica y de Educación, Superior de Ensenada (CICESE)",Ensenada Center for Scientific Research and Higher Education
Ergosign GmbH and Saarbrücken Graduate School of Computer Science,Ergosign GmbH
Ericsson Enterprise,Ericsson
Ericsson Innovation Lab,Ericsson
Ericsson Research,Ericsson
"Sony Ericsson Mobile Communications AB, Lund",Ericsson
Escuela Superior Politécnica del Litoral,Escuela Superior Politécnica del Litoral
Escuela Superior Politécnica del Litoral Guayaquil,Escuela Superior Politécnica del Litoral
Escuela Superior Politécnica del Litoral Guayaquil Ecuadorl,Escuela Superior Politécnica del Litoral
Ewha Woman's University,Ewha Womans University
Ewha Woman’s University,Ewha Womans University
Ewha womans university,Ewha Womans University
FORTH,FORTH Institute of Computer Science
FORTH - ICS,FORTH Institute of Computer Science
FORTH – ICS,FORTH Institute of Computer Science
FORTH-ICS,FORTH Institute of Computer Science
Forth,FORTH Institute of Computer Science
FX/PAL,FX Palo Alto Laboratory
FXPAL,FX Palo Alto Laboratory
FXPal,FX Palo Alto Laboratory
"FZI Research Center for Information Technologies, Karlsruhe",FZI Research Center for Information Technology
Facebook Menlo Park,Facebook
Facebook Reality Labs,Facebook
Facebook Reality Labs Research,Facebook
Facebook Research,Facebook
Faceboook,Facebook
Fachhochschule Dresden (FHD),Fachhochschule Dresden – University of Applied Sciences
Federal University of Sao Carlos,Federal University of São Carlos
"Finnish Institute of Occupational Health, Helsinki",Finnish Institute of Occupational Health
"Flensburg University of Applied Sciences, Flensburg",Flensburg University of Applied Sciences
"Folkwang University, Essen",Folkwang University of the Arts
"Fondazione, Trento",Fondazione Bruno Kessler
"i3, Fondazione Bruno Kessler",Fondazione Bruno Kessler
"Division R&D France Télécom, Lannion",France Télécom
France Télécom Division R&D,France Télécom
Fraunhofer FIT,Fraunhofer Institute for Applied Information Technology
Fraunhofer Institute FIT,Fraunhofer Institute for Applied Information Technology
Fraunhofer Institute for Applied Information Technology (FIT),Fraunhofer Institute for Applied Information Technology
Fraunhofer Institute for Applied Information Technology (Fraunhofer FIT),Fraunhofer Institute for Applied Information Technology
Fraunhofer Institute for Applied Information Technology FIT,Fraunhofer Institute for Applied Information Technology
"Fraunhofer Institute for Applied information Technology FIT, Sankt Augustin",Fraunhofer Institute for Applied Information Technology
Fraunhofer Institute for Information and Data Processing,Fraunhofer Institute for Applied Information Technology
"Fraunhofer Institute for Information and Data Processing (IITB), Dep. IAS",Fraunhofer Institute for Applied Information Technology
Fraunhofer-FIT,Fraunhofer Institute for Applied Information Technology
Fraunhofer-Institute FIT,Fraunhofer Institute for Applied Information Technology
Queensland University of Technology,Fraunhofer Institute for Applied Information Technology
Fraunhofer IGD,Fraunhofer Institute for Computer Graphics Research
Fraunhofer IGD Darmstadt,Fraunhofer Institute for Computer Graphics Research
Fraunhofer Institute for Computer Graphics Research,Fraunhofer Institute for Computer Graphics Research
Freie Universität Berlin,Free University Berlin
"Freie Universität Berlin, Berlin",Free University Berlin
Free University of Bozen,Free University of Bozen-Bolzano
The Free University of Bozen-Bolzano,Free University of Bozen-Bolzano
University of Bozen-Bolzano,Free University of Bozen-Bolzano
TU Bergakademie Freiberg,Freiberg University of Mining and Technology
ENAC,French Civil Aviation University
ENAC Toulouse,French Civil Aviation University
Ecole Nationale de l'Aviation Civile,French Civil Aviation University
Ecole Nationale de l’Aviation Civile,French Civil Aviation University
National School of Civil Aviation,French Civil Aviation University
École Nationale de l'Aviation Civile,French Civil Aviation University
"Future University Hakodate, Hakodate",Future University Hakodate
"Fuzhou University, Fuzhou",Fuzhou University
"GN Advanced Science, Glenview",GN Advanced Science
"Gallaudet University, Washington",Gallaudet University
GA Tech,Georgia Institute of Technology
GaTech,Georgia Institute of Technology
GeogiaTech,Georgia Institute of Technology
Georgia Tech,Georgia Institute of Technology
Georgia Tech University,Georgia Institute of Technology
Georgia Southern University,Georgia Southern University
DFKI,German Research Center for Artificial Intelligence
DFKI GmbH,German Research Center for Artificial Intelligence
"DFKI, Saarland Informatics Campus",German Research Center for Artificial Intelligence
German Research Center for Artificial Intelligence,German Research Center for Artificial Intelligence
German Research Center for Artificial Intelligence (DFKI),German Research Center for Artificial Intelligence
German Research Centre for Artificial Intelligence,German Research Center for Artificial Intelligence
"Innovative Retail Laboratory, DFKI",German Research Center for Artificial Intelligence
GUC,German University in Cairo
University of Ghent,Ghent University
"iMinds-MICT-University of Ghent, Ghent",Ghent University
"Glasgow Caledonian University, Glasgow",Glasgow Caledonian University
"MUCom Group, Glasgow Caledonian University",Glasgow Caledonian University
"School of Design, Glasgow School of Art",Glasgow School of Art
Goldsmiths,"Goldsmiths, University of London"
Goldsmiths University of London,"Goldsmiths, University of London"
Google AI,Google
Google AR,Google
Google Deep Mind,Google
Google DeepMind,Google
Google Inc.,Google
Google New York City,Google
Google Research,Google
Google Research India,Google
Jigsaw Google,Google
"Jigsaw, Google",Google
YouTube,Google
Graz University of Technology,Graz University of Technology
"Institute of Digital Image Processing, Graz",Graz University of Technology
Technical University Graz,Graz University of Technology
Univ. Grenoble Alpes,Grenoble Alpes University
University of Grenoble,Grenoble Alpes University
Université Grenoble Alpes,Grenoble Alpes University
Université Grenoble-Alpes,Grenoble Alpes University
Université Grenobles Alpes,Grenoble Alpes University
Université grenoble alpes,Grenoble Alpes University
GIST,Gwangju Institute of Science and Technology
Hamburg University of Applied Sciences,HAW Hamburg
"University of Applied Sciences Hamburg, Germany",HAW Hamburg
"Hamburg University of Applied Science, Hamburg",Hamburg University of Applied Science
Han-Yang University,Hanyang University
Harvard,Harvard University
Harvard University SEAS,Harvard University
Expertise Centre for Digital Media Hasselt University - tUL - Flanders Make,Hasselt University
"Expertise Centre for Digital Media, Hasselt University -- tUL -- iMinds",Hasselt University
Hasselt University - Tul - Iminds,Hasselt University
HPI,Hasso Plattner Institute
Hasso Plattner Institut,Hasso-Plattner-Institut
Hasso Plattner Institute,Hasso-Plattner-Institut
Hasso Plattner Institute Potsdam,Hasso-Plattner-Institut
Hasso-Plattner Institute,Hasso-Plattner-Institut
the Hebrew University Jerusalem,Hebrew University of Jerusalem
Helsinki Institute for Information Technology HIIT,Helsinki Institute for Information Technology
Helsinki University of Technology,Helsinki University of Technology
Heriot Watt University,Heriot-Watt University
MACS Heriot-Watt University,Heriot-Watt University
School of Mathematical and Computer Sciences Heriot-Watt University,Heriot-Watt University
"School of Mathematical and Computer Sciences, Heriot-Watt University",Heriot-Watt University
Hewlett-Packard Laboratories,Hewlett-Packard
Hewlett-Packard Labs,Hewlett-Packard
"Hewlett-Packard Labs, Bristol",Hewlett-Packard
Amsterdam University of Applied Sciences,Hogeschool van Amsterdam
HvA Amsterdam,Hogeschool van Amsterdam
Human-Computer Interaction Lab Hokkaido University,Hokkaido University
Honda Research Institute Europe,Honda
HKUST,Hong Kong University of Science and Technology
The HKUST HCI Initiative HKUST,Hong Kong University of Science and Technology
The Hong Kong University Science and Technology,Hong Kong University of Science and Technology
The Hong Kong University of Science and Technology,Hong Kong University of Science and Technology
the Hong Kong University of Science and Technology,Hong Kong University of Science and Technology
the Hong Kong university of science and technology,Hong Kong University of Science and Technology
Hong Kong University of Science and Technology (Guangzhou),Hong Kong University of Science and Technology (Guangzhou)
"Hong Kong University of Science and Technology, Guangzhou",Hong Kong University of Science and Technology (Guangzhou)
The Hong Kong University of Science and Technology (Guangzhou),Hong Kong University of Science and Technology (Guangzhou)
Huawei Human-machine Interaction Lab,Huawei
Human Machine Interaction Lab Huawei,Huawei
Human Machine Interaction Lab Huawei Technologies,Huawei
Human-Machine Interaction Lab Huawei,Huawei
"Human-Machine Interaction Lab, Huawei Technologies Co., Ltd.",Huawei
HU Berlin,Humboldt University of Berlin
Humboldt-Universität zu Berlin,Humboldt University of Berlin
IBM - T . J. Watson,IBM
IBM Almaden Research Center,IBM
IBM Research,IBM
IBM Research - Almaden,IBM
IBM Research Africa,IBM
IBM Research Brazil,IBM
IBM Research Brazil São Paulo,IBM
IBM Research Lab In Haifa,IBM
"IBM Research, India Research Lab",IBM
IBM T. J Watson Research Center,IBM
IBM T. J. Watson Research Center,IBM
IBM T.J. Watson Lab,IBM
IBM T.J. Watson Research,IBM
IBM T.J. Watson Research Center,IBM
IBM TJ Watson Research Center,IBM
IBM Watson,IBM
INESC-ID Lisbon,INESC-ID
ICS-IRIT,IRIT Computer Science Research Institute of Toulouse
IRIT,IRIT Computer Science Research Institute of Toulouse
IRIT - ICS,IRIT Computer Science Research Institute of Toulouse
IRIT Toulouse,IRIT Computer Science Research Institute of Toulouse
"IRIT-ICS, Toulouse",IRIT Computer Science Research Institute of Toulouse
LIIHS-IRIT,IRIT Computer Science Research Institute of Toulouse
IT Copenhagen,IT University of Copenhagen
IT University Copenhagen,IT University of Copenhagen
IT University of Copenhagen (ITU),IT University of Copenhagen
IT University of Copenhagen Copenhagen,IT University of Copenhagen
IT-University Copenhagen,IT University of Copenhagen
ITU,IT University of Copenhagen
ITU Copenhagen,IT University of Copenhagen
The IT University of Copenhagen,IT University of Copenhagen
University of Copenhagen (ITU),IT University of Copenhagen
Idiap Research Institute,Idiap Research Institute
"School of IT, Illinois State University",Illinois State University
"Imperial College, London",Imperial College London
Independent,Independent researcher
Independent Consultant,Independent researcher
Independent Researcher,Independent researcher
Independent researcher,Independent researcher
IIM JAMMU,Indian Institute of Management Jammu
IIM Jammu,Indian Institute of Management Jammu
Indian Institute of Science Education and Research,"Indian Institute of Science Education and Research Bhopal, India"
"IDC School of Design, IIT Bombay",Indian Institute of Technology Bombay
"IDC, IIT Bombay",Indian Institute of Technology Bombay
IIT Bombay,Indian Institute of Technology Bombay
Indian Institute of Technology Bombay,Indian Institute of Technology Bombay
"Indian Institute of Technology, Bombay",Indian Institute of Technology Bombay
"Indian Institute of Technology, Guwahati",Indian Institute of Technology Guwahati
CSE IIT Kharagpur,Indian Institute of Technology Kharagpur
IIT Kharagpur,Indian Institute of Technology Kharagpur
Indian Institute of Technology (IIT Kharagpur),Indian Institute of Technology Kharagpur
"Indian Institute of Technology, Kharagpur",Indian Institute of Technology Kharagpur
IIT Patna,"Indian Institute of Technology, Patna"
"Computer School of Informatics and Computing, Indiana University",Indiana University Bloomington
IUB,Indiana University Bloomington
Indiana University (Bloomington),Indiana University Bloomington
Indiana University Bloomington,Indiana University Bloomington
Indiana University at Bloomington,Indiana University Bloomington
"Indiana University, Bloomington",Indiana University Bloomington
"Luddy School of Informatics, Computing, and Engineering Indiana University Bloomington",Indiana University Bloomington
University of Indiana Bloomington,Indiana University Bloomington
IUPUI,Indiana University-Purdue University Indianapolis
IUPUI (Indiana University Purdue University Indianapolis),Indiana University-Purdue University Indianapolis
Indiana University (IUPUI),Indiana University-Purdue University Indianapolis
Indiana University - Purdue,Indiana University-Purdue University Indianapolis
Indiana University - Purdue University Indianapolis,Indiana University-Purdue University Indianapolis
Indiana University Purdue University Indianapolis,Indiana University-Purdue University Indianapolis
Indiana University – Indianapolis,Indiana University-Purdue University Indianapolis
Indiana University – Purdue University Indianapolis,Indiana University-Purdue University Indianapolis
Indiana University-Purdue University Indianapoli,Indiana University-Purdue University Indianapolis
Indiana University-Purdue University at Indianapolis,Indiana University-Purdue University Indianapolis
Indiana University—Purdue University Indianapolis,Indiana University-Purdue University Indianapolis
IIIT Delhi,Indraprastha Institute of Information Technology Delhi
IIIT-Delhi,Indraprastha Institute of Information Technology Delhi
IIT Delhi,Indraprastha Institute of Information Technology Delhi
Indraprastha Institute of Information Technology,Indraprastha Institute of Information Technology Delhi
Indraprastha Institute of Information Technology Delhi (IIIT-Delhi),Indraprastha Institute of Information Technology Delhi
"Indraprastha Institute of Information Technology, Delhi",Indraprastha Institute of Information Technology Delhi
Weave Lab IIIT-Delhi,Indraprastha Institute of Information Technology Delhi
"Information Technology University, Lahore",Information Technology University
"Information and Communications University, Daejeon",Information and Communications University
INRIA,Inria
INRIA Futurs,Inria
Inria Lille,Inria
Institut National de Recherche en Informatique et en Automatique,Inria
LORIA-Inria Nancy,Inria
IRCAM,Institute for Research and Coordination in Acoustics/Music
ISI Foundation,Institute for Scientific Interchange
Institute for Scientific Interchange (ISI Foundation),Institute for Scientific Interchange
"A M As Institute of Software, Chinese Academy of Sciences (ISCAS)","Institute of Software, Chinese Academy of Sciences"
"Chinese Academy of Sciences, Institute of Software","Institute of Software, Chinese Academy of Sciences"
Institute of Software Chinese Academy of Sciences,"Institute of Software, Chinese Academy of Sciences"
"Institute of software, Chinese Academy of Sciences","Institute of Software, Chinese Academy of Sciences"
IST/INESC,Instituto de Engenharia de Sistemas e Computadores
Intel 10,Intel
Intel Labs,Intel
Intel Labs Seattle,Intel
Intel Research,Intel
Intel Research Seattle,Intel
"Intelligent Systems Research (ISR), Intel Labs, Santa Clara",Intel
intel,Intel
IIIT Bangalore,"International Institute of Information Technology, Bangalore"
International Institute of Information Technology Bangalore [Joining Fall 2021],"International Institute of Information Technology, Bangalore"
International Institute of Information technology,"International Institute of Information Technology, Bangalore"
International University VNU-HCM,International University - VNU-HCM
Iowa State University of Science and Technology,Iowa State University
C.N.R. - ISTI,Istituto di Scienza e Tecnologie dell'Informazione
ISTI CNR,Istituto di Scienza e Tecnologie dell'Informazione
ISTI-CNR,Istituto di Scienza e Tecnologie dell'Informazione
ISTI-CNR Pisa,Istituto di Scienza e Tecnologie dell'Informazione
ISTI/CNR,Istituto di Scienza e Tecnologie dell'Informazione
"Ithaca College, Ithaca",Ithaca College
Information Technology Jadavpur University,Jadavpur University
"Japan Advanced Institute of Science and Technology, Ishikawa",Japan Advanced Institute of Science and Technology
Jilin University,Jilin University
"Jilin University, Jilin",Jilin University
Kepler University Linz,Johannes Kepler University Linz
KDDI R&D Laboratories Inc.,KDDI R&D Laboratories
"KDDI R&D Laboratories, Inc.",KDDI R&D Laboratories
KDDI R&D Laboratories,KDDI Research
KTH,KTH Royal Institute of Technology
KTH - Royal University of Technology,KTH Royal Institute of Technology
KTH Stockholm,KTH Royal Institute of Technology
KTH Sweden,KTH Royal Institute of Technology
Royal Insitute of Technology,KTH Royal Institute of Technology
Royal Institute of Technology,KTH Royal Institute of Technology
Royal Institute of Technology (KTH),KTH Royal Institute of Technology
Royal Institute of Technology Stockholm,KTH Royal Institute of Technology
Royal lnstitute of Technology,KTH Royal Institute of Technology
Stockholms universitet/KTH,KTH Royal Institute of Technology
Katholieke Hogeschool Leuven,KU Leuven
Katholieke Universiteit Leuven,KU Leuven
KIT Karlsruhe Institute of Technology,Karlsruhe Institute of Technology
Karlsruhe Insitute of Technology (KIT),Karlsruhe Institute of Technology
Karlsruher Institut für Technologie,Karlsruhe Institute of Technology
Universität Karlsruhe,Karlsruhe Institute of Technology
"Keio University, Yokohama",Keio University
"CDSPR, King's College London",King's College London
"DSPR, King's College London",King's College London
"Informatics Department, King’s College London",King's College London
"King's College London, University of London",King's College London
Kings College London,King's College London
King’s College London,King's College London
Kochi University of Technology,Kochi University of Technology
Kodak Research Labs,Kodak
"Konkuk University, Seoul",Konkuk University
"Department of Industrial Design, KAIST",Korea Advanced Institute of Science & Technology
"Department of Knowledge Service Engineering, KAIST",Korea Advanced Institute of Science & Technology
"GSCT, KAIST",Korea Advanced Institute of Science & Technology
"Graduate School of Culture Technology, KAIST",Korea Advanced Institute of Science & Technology
"HCI Lab, KAIST",Korea Advanced Institute of Science & Technology
KAIST,Korea Advanced Institute of Science & Technology
KAIST - School of Computing,Korea Advanced Institute of Science & Technology
Korea Advanced Institute of Science &amp; Technology,Korea Advanced Institute of Science & Technology
Korea Advanced Institute of Science and Technology,Korea Advanced Institute of Science & Technology
Korea Advanced Institute of Science and Technology (KAIST),Korea Advanced Institute of Science & Technology
Korea University,Korea Advanced Institute of Science & Technology
Koc University,Koç University
Kyungpook Nat'l Univ.,Kyungpook National University
LG Telecom H/D Quality Team,LG Electronics
LMU,LMU Munich
LMU of Munich university,LMU Munich
Ludwig Maximilian University Munich,LMU Munich
Ludwig Maximilian University of Munich,LMU Munich
Ludwig Maximilians Universität Munich,LMU Munich
Ludwig-Maximilian-Universität München,LMU Munich
Ludwig-Maximilians Universität München,LMU Munich
Ludwig-Maximilians-Universität (LMU),LMU Munich
Ludwig-Maximilians-Universität München,LMU Munich
Ludwig-Maximilians-Universität München,LMU Munich
"Media Informatics Group, Ludwig-Maximilians- Universität (LMU)",LMU Munich
"Media Informatics Group, University of Munich (LMU)",LMU Munich
University of Munich,LMU Munich
University of Munich (LMU),LMU Munich
Universität München,LMU Munich
Laboratoire d'Informatique de Grenoble,Laboratoire d'Informatique de Grenoble
LUMS,Lahore University of Management Sciences
Lahore University,Lahore University of Management Sciences
"Université du Maine, Le Mans",Le Mans University
Leibniz Universität Hannover,Leibniz University Hannover
University of Hannover,Leibniz University Hannover
Lenovo Research & Technology,Lenovo
University of Linköping,Linköping University
VITA Linköping University,Linköping University
LJMU,Liverpool John Moores University
Department of Psychological and Behavioural Science London School of Economics and Political Science,London School of Economics and Political Science
"ESRI, Loughborough",Loughborough University
"Loughborough University, Loughborough",Loughborough University
Louisana State University,Louisiana State University
LPU,Lovely Professional University
Hochschule Luzern,Lucerne University of Applied Sciences and Arts
"Institute of Computer Science, Ludwigsburg University of Education",Ludwigsburg University of Education
"Luleå University of Technology, Luleå",Luleå University of Technology
"Lund University, Lund",Lund University
"Synenheten, barn-och ungdom, Universitetssjukhuset, Lund",Lund University Hospital
"Universitetssjukhuset, Lund",Lund University Hospital
MARA University of Technology (UiTM),MARA University of Technology
"Centre for Health Informatics, Australian Institute of Health Informatics, Macquarie University",Macquarie University
MAJIRE Design Ltd,Majire
"Majire Ltd, Coventry",Majire
Malmo,Malmö University
Malmø University,Malmö University
"Marquette University, Milwaukee",Marquette University
"Comparative Media Studies, MIT",Massachusetts Institute of Technology
MIT,Massachusetts Institute of Technology
MIT CSAIL,Massachusetts Institute of Technology
MIT Media Lab,Massachusetts Institute of Technology
Massachusetts Institute of Technology (MIT),Massachusetts Institute of Technology
Mobile Experience Laboratory @ Massachusetts Institute of Technology,Massachusetts Institute of Technology
Max Planck Institute for Informatics,Max Planck Institute
Max Planck Institute for Security and Privacy,Max Planck Institute
"Max Planck Institute for Informatics, Germany",Max Planck Institute for Informatics
"Max-Planck-Institut fuer Informatik, Saarbrücken",Max Planck Institute for Informatics
"Hamilton Institute, NUI Maynooth",Maynooth University
"Centre for Intelligent Machines, McGill University",McGill University
"Centre for Interdisciplinary Research in Music Media and Technology, McGill University",McGill University
"McGill University, Machines",McGill University
"Meiji University, ",Meiji University
"Meraka Institute, Pretoria",Meraka Institute
Meta Reality Labs,Meta
Meta Reality Labs Research,Meta
Reality Labs Research,Meta
"Reality Labs Research, Meta",Meta
Helsinki Metropolia University,Metropolia University of Applied Sciences
"Helsinki Metropolia University, Vanha Maantie",Metropolia University of Applied Sciences
Instituto Mexicano del Seguro Social,Mexican Social Security Institute
Instituto Mexicano del Seguro Social (IMSS),Mexican Social Security Institute
"Department of Media & Information, Michigan State University",Michigan State University
Michigan State,Michigan State University
"Applied Sciences Group, Microsoft Corporation, Redmond",Microsoft
MSR,Microsoft
MSR Cambridge,Microsoft
MSR/Fuse Labs,Microsoft
Microsoft Corporation,Microsoft
Microsoft LiveLabs Research,Microsoft
Microsoft Research,Microsoft
Microsoft Research Asia,Microsoft
Microsoft Research Cambridge,Microsoft
Microsoft Research India,Microsoft
Microsoft Research Ltd,Microsoft
Microsoft Research Montréal,Microsoft
Microsoft Research New York,Microsoft
Microsoft Research Redmond,Microsoft
"Microsoft Research, Cambridge",Microsoft
Microsoft Research: Community Technologies,Microsoft
"Technology for Emerging Markets, Microsoft Research",Microsoft
Mitsubishi Electric Research Laboratories,Mitsubishi Electric
Mitsubishi Electric Research Labs,Mitsubishi Electric Research Laboratories
Mobile Life,Mobile Life Center
Mobile Life Centre,Mobile Life Center
Mobile Life VinnExcellence Centre,Mobile Life Center
MobileLife Center,Mobile Life Center
Faculty of Information Technology Monash University,Monash University
Monash University Australia,Monash University
Monash University Melbourne,Monash University
Montana Tech,Montana Technological University
"Montclair State University, MSU",Montclair State University
Motorola Human Interaction Lab,Motorola
Motorola Inc,Motorola
Motorola Inc.,Motorola
Motorola Labs,Motorola
Motorola Mobility,Motorola
Motorola Research Labs,Motorola
"Motorola, Inc.",Motorola
Mozilla Corporation,Mozilla
FH Nünster,Münster University of Applied Sciences
"Fachhochschule Münster, Münster",Münster University of Applied Sciences
"Münster University of Applied Sciences, Steinfurt",Münster University of Applied Sciences
"CITI, Faculdade de Ciências e Tecnologia Universidade Nova de Lisboa",NOVA University Lisbon
"CITI, Faculdade de Ciências e Tecnologia, Universidade Nova de Lisboa",NOVA University Lisbon
New University of Lisbon,NOVA University Lisbon
"New University of Lisbon, Caparica",NOVA University Lisbon
Universidade NOVA de Lisboa,NOVA University Lisbon
NTT,NTT Communication Science Laboratories
NTT Communication Science Labs,NTT Communication Science Laboratories
Nanyang Technoligical University,Nanyang Technological University
Nanyang Technological University - NTU Singapore,Nanyang Technological University
Nanyang Technological University School of Communication & Information,Nanyang Technological University
"Nanyang Technological University, Nanyang Link",Nanyang Technological University
"National Chengchi University, Taipei",National Chengchi University
"Brain Research Center, National Chiao Tung, University",National Chiao Tung University
"Dept. of Computer Science, National Chiao Tung",National Chiao Tung University
NCTU,National Chiao Tung University
NCTU Taiwan,National Chiao Tung University
Cnam,National Conservatory of Arts and Crafts
ICI Bucharest,National Institute for Research & Development in Informatics
National Institute of Advanced Industrial Science and Technology (AIST),National Institute of Advanced Industrial Science and Technology
National Institute of Design Ahmedabad,National Institute of Design
National institute of design,National Institute of Design
NIT Durgapur,"National Institute of Technology, Durgapur"
National Institute of Technology Durgapur,"National Institute of Technology, Durgapur"
NRC,National Research Council Canada
NRC-IIT,National Research Council Canada
National Research Council of Canada,National Research Council Canada
National Research Council of Canada (NRC),National Research Council Canada
"National Research Council of Canada, Institute for Information Technology",National Research Council Canada
INRAE,"National Research Institute for Agriculture, Food and the Environment"
"National Research Institute for Agriculture, Food and the Environment (INRAE)","National Research Institute for Agriculture, Food and the Environment"
Intel-NTU,National Taiwan University
Intel-NTU Connected Context Computing Center,National Taiwan University
"Mobile and HCI Research Lab, National Taiwan University",National Taiwan University
NTU IoX center,National Taiwan University
Department of Computer Science National Tsing Hua University,National Tsing Hua University
National Tsing Hua University Taiwan,National Tsing Hua University
"National University of Sciences & Technology, Islamabad",National University of Sciences and Technology
Keio-NUS CUTE Center,National University of Singapore
NUS-HCI Lab,National University of Singapore
National University of Singapore: NUS,National University of Singapore
Department of Computer Science National Yang Ming Chiao Tung University,National Yang Ming Chiao Tung University
Yang Ming Chiao Tung University,National Yang Ming Chiao Tung University
NAVER AI Lab,Naver Labs
Naver AI Lab,Naver Labs
Naver Labs Europe,Naver Labs
Nelson Mandela Metropolitan University,Nelson Mandela University
"New Jersey Institute of Technology, Newark",New Jersey Institute of Technology
NYU,New York University
NYU Abu Dhabi,New York University
NYU Polytechnic School of Engineering,New York University
New York University Abu Dhabi,New York University
"New York University, Tandon School of Engineering",New York University
New York University’s Polytechnic Institute,New York University
Newcastle,Newcastle University
"Open Lab, Newcastle University",Newcastle University
University of Newcastle,Newcastle University
University of Newcastle Upon Tyne,Newcastle University
University of Newcastle-upon-Tyne,Newcastle University
"IDEO & Nokia Research Center, Palo Alto",Nokia
"Multimedia Technologies Lab, NOKIA(CHINA) Investment CO., LTD",Nokia
Nokia Bell Labs,Nokia
Nokia Bell Labs Cambridge,Nokia
Nokia Corporation,Nokia
Nokia Design,Nokia
"Nokia Design, Tokyo",Nokia
Nokia Mobile Phones,Nokia
Nokia Multimedia,Nokia
Nokia Research,Nokia
Nokia Research Center,Nokia
Nokia Research Center - Palo Alto,Nokia
Nokia Research Center Hollywood,Nokia
Nokia Research Center Palo Alto,Nokia
"Nokia Research Center, Beijing",Nokia
"Nokia Research Center, Palo Alto",Nokia
Nokia research center,Nokia
"Nordea Bank Finland Plc, Nordea",Nordea
Nortel Networks,Nortel
"Dept. Computer Science, NC State University",North Carolina State University
North Carolina State,North Carolina State University
"North South University, Dhaka",North South University
Northeastern,Northeastern University
Northrop Grumman Mission Systems,Northrop Grumman
Computer & Information Sciences Northumbria University,Northumbria University
Northhumbria University,Northumbria University
Northumbria Univeristy,Northumbria University
University of Northumbria,Northumbria University
University of Northumbria at Newcastle,Northumbria University
Northwestern,Northwestern University
"Norwegian University of Science and Technology, Trondheim",Norwegian University of Science and Technology
"Institute for IT, Oldenburg",OFFIS - Institute for IT
OFFIS,OFFIS - Institute for IT
OFFIS Institute for IT,OFFIS - Institute for IT
OFFIS – Institute for IT,OFFIS - Institute for IT
OFFIS – Institute for Information Technology,OFFIS - Institute for IT
Department of Computer Science Old Dominion University,Old Dominion University
University of Ontario Institute of Technology,Ontario Tech University
Universitat Oberta de Catalunya,Open University of Catalonia
OGI/Oregon Health & Science University,Oregon Health & Science University
"Osaka Prefecture University, Osaka",Osaka Prefecture University
"Oslo University College, Oslo",Oslo University College
"the National Centre for Product Design & Development Research, UWIC",PDR International Centre for Design and Research
"Palm Source, Inc.","Palm, Inc."
PARC,Palo Alto Research Center
Xerox,Palo Alto Research Center
Xerox PARC,Palo Alto Research Center
LISN Université Paris-Saclay,Paris-Saclay University
Universite Paris-Saclay,Paris-Saclay University
University Paris-Saclay,Paris-Saclay University
University of Paris-Saclay,Paris-Saclay University
Université Paris Saclay,Paris-Saclay University
Université Paris-Saclay,Paris-Saclay University
Parkview Health,Parkview Research Center
"Peking University, Beijing",Peking University
Penn State,Pennsylvania State University
Penn State University,Pennsylvania State University
The Pennsylvania State University,Pennsylvania State University
Philips Research,Philips
Philips Research Eindhoven,Philips
Philips Research Europe,Philips
Phillips Research,Philips
"Pohang University of Science and, Technology (POSTECH)",Pohang University of Science and Technology
Politecnico di Torino Turin,Politecnico di Torino
Polytechnic University of Turin,Politecnico di Torino
Institut Polytechnique de Paris,Polytechnic Institute of Paris
Université Polytechnique Hauts-de-France,Polytechnic University of Hauts-de-France
HOC-Politecnico di Milano,Polytechnic University of Milan
PoliMI,Polytechnic University of Milan
Politecnico di Milano,Polytechnic University of Milan
Polytechnique Montreal,Polytechnique Montréal
Universitat Pompeu Fabra,Pompeu Fabra University
"Pontifical Catholic University of Rio de Janeiro, Rio de Janeiro",Pontifical Catholic University of Rio de Janeiro
Portland State University,Portland State University
"Pratt Institute, New York",Pratt Institute
"Princeton University, Princeton",Princeton University
Universidad Pública de Navarra,Public University of Navarre
Purdue,Purdue University
Qatar Computing Research Institute HBKU,Qatar Computing Research Institute
"Qatar Computing Research Institute, HBKU",Qatar Computing Research Institute
"COMSATS Institute of Information Technology, Islamabad",Quaid-i-Azam University
"Institute of Information Technology, Islamabad",Quaid-i-Azam University
Qualcomm Corporate R&D,Qualcomm
"Human Media Lab, Queen's University",Queen's University
Queen University,Queen's University
Queens University,Queen's University
Queen’s University,Queen's University
QUT,Queensland University of Technology
Queensland Uni of Technology,Queensland University of Technology
Queensland Univeristy of Technology,Queensland University of Technology
Queensland University of Technology Brisbane,Queensland University of Technology
RMassachusetts Institute of Technology University,RMIT University
Aachen,RWTH Aachen University
Aachen University,RWTH Aachen University
"HUMTEC, RWTH Aachen University",RWTH Aachen University
RWTH Aachen,RWTH Aachen University
Radboud Universiteit Nijmegen,Radboud University Nijmegen
"Rakuten Institute of Technology, Rakuten",Rakuten Institute of Technology
IDC Herzliya,Reichman University
Interdisciplinary Center Herzliya,Reichman University
"Media Innovation Lab, The Interdisciplinary Center (IDC) Herzliya",Reichman University
The Interdisciplinary Center (IDC) Herzliya,Reichman University
Research Center for Informatics and Information Technologies,Research Center in Informatics and Information Technology
"Interactive Institute, Kista",Research Institutes of Sweden
"Interactive Institute, Stockholm",Research Institutes of Sweden
RISE Research Institutes of Sweden,Research Institutes of Sweden
"Swedish Institute for Computer Science, Stockholm",Research Institutes of Sweden
"Rice University, Houston",Rice University
Riso Danish National Laboratory,Risø DTU National Laboratory for Sustainable Energy
Bosch,Robert Bosch GmbH
"Robert Bosch GmbH, Stuttgart",Robert Bosch GmbH
Rochester Institute of Technnology,Rochester Institute of Technology
"Rochester Institute of Technnology, Rochester",Rochester Institute of Technology
Rochester Institute of Technology,Rochester Institute of Technology
RSM Erasmus University Rotterdam,Rotterdam University
"School of Communication, Media, and Information Technology, Rotterdam University",Rotterdam University
Ruhr University of Bochum,Ruhr University Bochum
Ruhr-University Bochum,Ruhr University Bochum
Institute of Positive Computing Hochschule Ruhr West University of Applied Sciences,Ruhr West University of Applied Sciences
Positive Computing Institute University of Applied Sciences Ruhr West,Ruhr West University of Applied Sciences
University of Applied Science Ruhr West,Ruhr West University of Applied Sciences
Rutgers,Rutgers University
SAP Labs,SAP
SAP Labs LLC,SAP
SINTEF ICT,SINTEF
SINTEF Technology and Society,SINTEF
SUNY Korea,SUNY Korea
Saarbrücken University,Saarland University
Saarland Informatics Campus,Saarland University
Saarland University Saarland Informatics Campus,Saarland University
"Saarland University, Saarland Informatics Campus",Saarland University
Sabanci University,Sabancı University
SAIT (Samsung Research),Samsung
Samsung Electronics,Samsung
Samsung Research,Samsung
Samsung Research America,Samsung
Samsung Research America (SRA),Samsung
"San Jose State University, San Jose",San Jose State University
Sapienza Universita di Roma,Sapienza University of Rome
University of Rome,Sapienza University of Rome
Seoul Nation University,Seoul National University
Serco eBusiness Solutions,Serco Group
Sesame Workshp,Sesame Workshop
College of Software Shandong University,Shandong University
School of Software Shandong University,Shandong University
"School of Design, Shanghai Jiao Tong University",Shanghai Jiao Tong University
University Shenzhen,Shenzhen University
Siemens AG,Siemens
SFU,Simon Fraser University
SIAT SFU,Simon Fraser University
Simon Fraser,Simon Fraser University
Simon Frasier,Simon Fraser University
Simon Frasier University,Simon Fraser University
School of Information Systems Singapore Management University,Singapore Management University
SUTD Singapore University of Technology and Design,Singapore University of Technology and Design
Singapore School of Design,Singapore University of Technology and Design
Sony - CSL,Sony Computer Science Laboratories
"Sony Computer Science Laboratories, Inc, Tokyo",Sony Computer Science Laboratories
Paris Sorbonne,Sorbonne Université
"South China University of Technology, Guangzhou",South China University of Technology
"Spotify, San Francisco",Spotify
"Srishti Institute of Art, Design and Technology","Srishti Manipal Institute of Art, Design and Technology"
"State University of Film & Television, St. Petersburg",St. Petersburg State University of Film and Television
Stanford,Stanford University
"Charles V. Schaefer, Jr. School of Engineering and Science, Semer Center for Healthcare Innovation, Stevens Institute of Technology",Stevens Institute of Technology
DSV Stockholm University,Stockholm University
Department of Computer and Systems Sciences Stockholm University,Stockholm University
Stockhom University,Stockholm University
Computer Science Stony Brook University,Stony Brook University
Computer Science department Stony Brook University,Stony Brook University
Department of Computer Science Stony Brook University,Stony Brook University
"ISOM Department, Suffolk University",Suffolk University
Sung Kyun Kwan University,Sungkyunkwan University
Computation Foundry Swansea University,Swansea University
Computational Foundry Swansea University,Swansea University
"FIT Lab, Swansea University",Swansea University
"Future Interaction Laboratory, Swansea University",Swansea University
"Future Interaction Technology Lab, Swansea University",Swansea University
"Swansea University, UK.",Swansea University
"University of Swansea, Wales",Swansea University
"University of Wales, Swansea",Swansea University
SICS,Swedish Institute of Computer Science
"Director Centre for Design Innovation, Swinburne University of Technology",Swinburne University of Technology
Ecole Polytechnique Fédérale de Lausanne (EPFL),Swiss Federal Institute of Technology Lausanne
Swiss Federal Institute of Technology in Lausanne (EPFL),Swiss Federal Institute of Technology Lausanne
"Department of Psychology, Syracuse University",Syracuse University
"School of Information Studies, Syracuse University",Syracuse University
Syracuse U,Syracuse University
Syracuse University Syracuse,Syracuse University
TNO Human Factors,TNO
TNO Information and Communication Technology,TNO
TNO Information and Communications Technology,TNO
"TNO Human Factors, kampweg, Soesterberg",TNO Human Factors
Tableau Research,Tableau Software
Tableau Research Palo Alto CA,Tableau Software
Tableau Software,Tableau Software
"Tampere Unit for Computer-Human Interaction, University of Tampere",Tampere University
University of Tampere,Tampere University
"NAMU Lab., Tampere University of Technology",Tampere University of Technology
Tampere Univ. of Technology,Tampere University of Technology
TU Berlin,Technical University Berlin
"Technical University of Berlin, German Turkish Advanced Research Center for ICT",Technical University Berlin
"Telekom Innovation Laboratories, TU Berlin",Technical University Berlin
Clausthal University of Technology,Technical University of Clausthal
TU Clausthal,Technical University of Clausthal
Darmstadt University of Technology,Technical University of Darmstadt
TU Darmstadt,Technical University of Darmstadt
TU-Darmstadt,Technical University of Darmstadt
Technical University Darmstadt,Technical University of Darmstadt
"Telecooperation Lab, TU Darmstadt",Technical University of Darmstadt
Denmark Technical University,Technical University of Denmark
Center for Research on Education and School Development TU Dortmund,Technical University of Dortmund
TU Dortmund,Technical University of Dortmund
TU München,Technical University of Munich
Technische Universität München,Technical University of Munich
Universitat Politècnica de València,Technical University of Valencia
Fachhochschule Ingolstadt,Technische Hochschule Ingolstadt
TH Ingolstadt,Technische Hochschule Ingolstadt
Technical University of Ingolstadt,Technische Hochschule Ingolstadt
Technische Hochschule Ingolstadt (THI),Technische Hochschule Ingolstadt
th-koeln,Technische Hochschule Köln
Ilmenau University of Technology,Technische Universität Ilmenau
"Technische Universität Ilmenau, Ilmenau",Technische Universität Ilmenau
"Technological University of Panama, Panama City",Technological University of Panama
IWiT Lab Tel Aviv University,Tel Aviv University
Industrial Engineering Tel Aviv University,Tel Aviv University
"School of Education and Sagol School of Neuroscience, Tel Aviv University",Tel Aviv University
Telefonica R&D,Telefonica
Telefonica Research,Telefonica
Telefónica Research,Telefonica
Deutsche Telekom Laboratories,Telekom Innovation Laboratories
Deutsche Telekom Labs,Telekom Innovation Laboratories
"Quality and Usability Lab, Deutsche Telekom Laboratories",Telekom Innovation Laboratories
T-Labs,Telekom Innovation Laboratories
T-Labs Berlin,Telekom Innovation Laboratories
"Telekom Labs, Berlin",Telekom Innovation Laboratories
Telematica Instituut,Telematica Instituut
"Interface Ecology Lab, Texas A&M University",Texas A&M University
Texas A & M,Texas A&M University
Texas A&M,Texas A&M University
Texas A&amp;M University,Texas A&M University
Australian National University,The Australian National University
Australian National University Canberra,The Australian National University
Hong Kong Polytechnic University,The Hong Kong Polytechnic University
"School of Design, The Hong Kong Polytechnic University",The Hong Kong Polytechnic University
Miraikan - The National Museum of Emerging Science and Innovation,The National Museum of Emerging Science and Innovation (Miraikan)
Open University,The Open University
Edinburgh University,The University of Edinburgh
University of Edinburgh,The University of Edinburgh
University of Texas at Austin,The University of Texas at Austin
"Department of Communication and Information Sciences, Tilburg University",Tilburg University
"Research Institute of Electrical Communication, Tohoku University",Tohoku University
"Department of Computer Science, Tokyo Institute of Technology",Tokyo Institute of Technology
"School of Engineering, Tokyo Institute of Technology",Tokyo Institute of Technology
"University of Tor Vergata, Rome",Tor Vergata University of Rome
Ryerson University,Toronto Metropolitan University
"LIIHS-IRIT, University Toulouse 3",Toulouse III University - Paul-Sabatier
Paul Sabatier University,Toulouse III University - Paul-Sabatier
University Paul Sabatier,Toulouse III University - Paul-Sabatier
University Toulouse 3,Toulouse III University - Paul-Sabatier
Université Paul Sabatier Toulouse 3,Toulouse III University - Paul-Sabatier
Université Paul Sabatier – Toulouse 3,Toulouse III University - Paul-Sabatier
Toyota Research Institute,Toyota
"Computer Science and Statistics, Trinity College Dublin",Trinity College Dublin
Trinity College,Trinity College Dublin
"Trinity College Dublin, Ireland",Trinity College Dublin
"Trinity College, Dublin",Trinity College Dublin
"University of Dublin, Trinity College",Trinity College Dublin
The Future Lab Tsinghua University,Tsinghua University
The Future Laboratory Tsinghua University,Tsinghua University
"Tsinghua University, Beijing",Tsinghua University
Tufts,Tufts University
"Tulane University, New Orleans",Tulane University
Ecole Nationale Supérieure des Telecommunications de Paris,Télécom Paris
IP-Paris (Telecom-Paris),Télécom Paris
LTCI - Telecom-ParisTech,Télécom Paris
"LTCI, Télécom ParisTech",Télécom Paris
Telecom Paris,Télécom Paris
Télecom Paris,Télécom Paris
Télécom ParisTech,Télécom Paris
USECON GmbH,USECON
Institute of Media Informatics Ulm University,Ulm University
"Institute of Media Informatics, Ulm University",Ulm University
"Institute of Psychology and Education, Dept. Human Factors, Ulm University",Ulm University
University of Ulm,Ulm University
"University, Ulm",Ulm University
Universität Ulm,Ulm University
institute of media informatics,Ulm University
UNIST,Ulsan National Institute of Science and Technology
Ulsan National Institute of Science & Technology,Ulsan National Institute of Science and Technology
Ulsan National Institute of Science and Technology (UNIST),Ulsan National Institute of Science and Technology
University of Ulster,Ulster University
"Ultraleap, Bristol",Ultraleap
Umea University,Umeå University
Umeå University of Design,Umeå University
Universidad Carlos III de Madrid,University Charles III of Madrid
University Carlos III of Madrid,University Charles III of Madrid
School of Applied Psychology University College Cork,University College Cork
"University College, Cork",University College Cork
University of Cork,University College Cork
"ChangingWorlds, NovaUCD",University College Dublin
University College Dublin,University College Dublin
"University College, Dublin",University College Dublin
UCL,University College London
USL,University College London
"University College London, University of London",University College London
University College of London,University College London
University of College London,University College London
"University Hospital Salzburg (SALK), Salzburg",University Hospitals Salzburg
"University of Aberdeen, Aberdeen",University of Aberdeen
"University of Alberta, Edmonton",University of Alberta
University of applied science Hamm-Lippstadt,University of Applied Science Hamm-Lippstadt
"Potsdam University of Applied Sciences, Potsdam",University of Applied Sciences Potsdam
"Digital Media Lab, University of Applied Sciences Upper Austria",University of Applied Sciences Upper Austria
FH Hagenberg,University of Applied Sciences Upper Austria
"FH Oberösterreich, Campus Hagenberg",University of Applied Sciences Upper Austria
University of Applied Sciences Upper Austria Hagenberg Campus,University of Applied Sciences Upper Austria
The University of Arizona,University of Arizona
Interface Culture Lab -- Kunstuniversität Linz,University of Art and Design Linz
National and Kapodistrian University of Athens,University of Athens
Auckland Bioengineering Institute The University Of Auckland,University of Auckland
Auckland Bioengineering Institute The University of Auckland,University of Auckland
"Auckland Bioengineering Institute, The University of Auckland",University of Auckland
Augmented Human Lab,University of Auckland
"Augmented Human Lab Auckland Bioengineering Institute, The University of Auckland",University of Auckland
"Augmented Human Lab, Auckland Bioengineering Institute The University of Auckland",University of Auckland
The University of Auckland,University of Auckland
University of Auckland Auckland,University of Auckland
"Institute for Computer Science, Augsburg",University of Augsburg
Univerisity Bari,University of Bari
University  of Bari Aldo Moro,University of Bari
University of Bari Aldo Moro,University of Bari
Università degli Studi di Bari Aldo Moro,University of Bari
"Università di Bari, Bari",University of Bari
Bath University,University of Bath
Bayreuth University,University of Bayreuth
"School of Computer Science, University of Birmingham",University of Birmingham
The University of Birmingham,University of Birmingham
University of Birmimgham,University of Birmingham
Rheinische Friedrich-Wilhelms-Universität Bonn,University of Bonn
Université de Bordeaux,University of Bordeaux
Bremen University,University of Bremen
Digital Media Lab University of Bremen,University of Bremen
"Digital Media Lab, TZI University of Bremen",University of Bremen
"Digital Media Lab, TZI, University of Bremen",University of Bremen
Uni Bremen,University of Bremen
University of bremen,University of Bremen
University pf Bremen,University of Bremen
Universität Bremen,University of Bremen
Bristol University,University of Bristol
Bristol Vision Lab University of Bristol,University of Bristol
Centre for Innovation and Entrepreneurship University of Bristol,University of Bristol
Department of Computer Science University of Bristol,University of Bristol
School of Physics University of Bristol,University of Bristol
university of Bristol,University of Bristol
university of bristol,University of Bristol
The University of British Columbia,University of British Columbia
UBC,University of British Columbia
University of Brisith Columbia,University of British Columbia
University of Bristish Columbia,University of British Columbia
University of British Colombia,University of British Columbia
"Department of Computer Science, University of Calgary",University of Calgary
Berkeley,"University of California, Berkeley"
"CITRIS, University of California, Berkeley","University of California, Berkeley"
U.C. Berkeley,"University of California, Berkeley"
UC Berkeley,"University of California, Berkeley"
UC Berkley,"University of California, Berkeley"
"Univeristy of California, Berkeley","University of California, Berkeley"
University of California Berkeley,"University of California, Berkeley"
University of California Berkeley (UC Berkeley),"University of California, Berkeley"
University of California Berkeley / ICSI,"University of California, Berkeley"
University of California at Berkeley,"University of California, Berkeley"
UC Davis,"University of California, Davis"
University of California Davis,"University of California, Davis"
University of California Davis Davis,"University of California, Davis"
UC Irvine,"University of California, Irvine"
University of California Irvine,"University of California, Irvine"
University of California Irvine Irvine,"University of California, Irvine"
UCLA,"University of California, Los Angeles"
University of California Los Angeles,"University of California, Los Angeles"
University of California Merced,"University of California, Merced"
UC San Diego,"University of California, San Diego"
UCSD,"University of California, San Diego"
University of California San Diego,"University of California, San Diego"
UC Santa Barbara,"University of California, Santa Barbara"
University of California Santa Barbara,"University of California, Santa Barbara"
Autonomous Systems Lab University of California,"University of California, Santa Cruz"
University of California Santa Cruz,"University of California, Santa Cruz"
University of California at Santa Cruz,"University of California, Santa Cruz"
Cambridge University,University of Cambridge
Department of Computer Science and Technology University of Cambridge,University of Cambridge
"Department of Engineering, University of Cambridge",University of Cambridge
"University of Campinas, Campinas",University of Campinas
"HIT Lab NZ, University of Canterbury",University of Canterbury
University of Capetown,University of Cape Town
University of Central Lanchashire,University of Central Lancashire
University Chichago,University of Chicago
University of Colombo School of Computing,University of Colombo
university of colombo school of computing,University of Colombo
"ATLAS Institute, University of Colorado Boulder",University of Colorado Boulder
CU Boulder,University of Colorado Boulder
"Department of Computer Science, University of Colorado Boulder, Boulder",University of Colorado Boulder
UC Boulder,University of Colorado Boulder
University of Colorado,University of Colorado Boulder
University of Colorado at Boulder,University of Colorado Boulder
"University of Colorado, Boulder",University of Colorado Boulder
Copenhagen University,University of Copenhagen
"Department of Computer Science, University of Copenhagen",University of Copenhagen
U. Copenhagen,University of Copenhagen
University of Copenaghen,University of Copenhagen
University of Copenhagen,University of Copenhagen
Univesity of Copenhagen,University of Copenhagen
HCI Group University of Duisburg-Essen,University of Duisburg-Essen
"HCI Group, University of Duisburg-Essen",University of Duisburg-Essen
HCI group University Duisburg-Essen,University of Duisburg-Essen
"Paluno, University of Duisburg-Essen",University of Duisburg-Essen
University of Duisberg-Essen,University of Duisburg-Essen
University of Duisburg Essen,University of Duisburg-Essen
Universität Duisburg-Essen,University of Duisburg-Essen
Dundee University,University of Dundee
Univ of Dundee,University of Dundee
Univerisity of Dundee,University of Dundee
University of Essex and BT,University of Essex
University of Fribourg; MIT Media Lab (visiting),University of Fribourg
Glasgow Interactive Systems Group,University of Glasgow
Glasgow University,University of Glasgow
"School of Computing Science, University of Glasgow",University of Glasgow
University Of Glasgow,University of Glasgow
"Department of Applied IT, University of Gothenburg",University of Gothenburg
IT-University of Göteborg,University of Gothenburg
Universidad de Granada,University of Granada
"Department of Psychology, University of Graz",University of Graz
FU Hagen,University of Hagen
FernUniversität in Hagen,University of Hagen
Haifa University,University of Haifa
Universität Hamburg,University of Hamburg
Univ. Hawaii,University of Hawaii
Univ. of Hawaii,University of Hawaii
Univ. of Helsinki,University of Helsinki
"Computational Physiology Lab, University of Houston",University of Houston
University of Ibadan https://www.ui.edu.ng/,University of Ibadan
University of Illinois Urbana Champaign,University of Illinois Urbana-Champaign
University of Illinois at Urbana Champaign,University of Illinois Urbana-Champaign
University of Illinois at Urbana-Champaign,University of Illinois Urbana-Champaign
University of Illinois at UrbanaChampaign,University of Illinois Urbana-Champaign
"University of Illinois, Urbana-Champaign",University of Illinois Urbana-Champaign
University of Illinois Chicago,University of Illinois at Chicago
University of Illinois at Chicago,University of Illinois at Chicago
University of Illinois at Chicago/NY Hall of Science,University of Illinois at Chicago
"University of Illinois, Chicago",University of Illinois at Chicago
university of illinois at chicago,University of Illinois at Chicago
U of Iowa,University of Iowa
University of Iowaa,University of Iowa
University of Kent at Canterbury,University of Kent
University of Kent at Canterbury,University of Kent
Alpen-Adria Universität Klagenfurt,University of Klagenfurt
Alpen-Adria-Universität Klagenfurt,University of Klagenfurt
University of Konstanz,University of Konstanz
Infolab21 Lancaster University,University of Lancaster
Lancaster University,University of Lancaster
Univesity of Lancaster,University of Lancaster
"University of Lapland, Rovaniemi",University of Lapland
Leicester University,University of Leicester
Univ. Lille,University of Lille
Universite de Lille,University of Lille
Université de Lille,University of Lille
"Faculdade de Ciências, Universidade de Lisboa",University of Lisbon
Faculty of Sciences of the University of Lisbon,University of Lisbon
IST / Technical University of Lisbon,University of Lisbon
"ITI/LARSyS, IST – U. Lisbon",University of Lisbon
"Instituto Superior Técnico, University of Lisbon",University of Lisbon
"LaSIGE & University of Lisboa, Campo-Grande",University of Lisbon
LaSIGE - Faculdade de Ciências da Universidade de Lisboa,University of Lisbon
ULisboa,University of Lisbon
Universidade de Lisboa,University of Lisbon
"University of Lisboa, Campo-Grande",University of Lisbon
Universitat de Lleida,University of Lleida
University of Louisiana at Lafayette,University of Louisiana at Lafayette
Catholic University of Louvain,University of Louvain
University of Luxemburg,University of Luxembourg
Université de Lyon,University of Lyon
"University of Macedonia, Thessaloniki",University of Macedonia
University of Madiera,University of Madeira
Manchester University,University of Manchester
"School of Computer Science, University of Manchester",University of Manchester
The University of Manchester,University of Manchester
Computer Science University of Manitoba,University of Manitoba
Department of Computer Science / Human Computer Interaction Lab University of Manitoba,University of Manitoba
Department of Computer Science University of Manitoba,University of Manitoba
Department of Computer Science/Human Computer Interaction Lab University of Manitoba,University of Manitoba
HCI Lab University of Manitoba,University of Manitoba
University Manitoba,University of Manitoba
College of Information Studies/Human-Computer Interaction Lab University of Maryland,University of Maryland
U of Maryland,University of Maryland
"iSchool, University of Maryland College Park",University of Maryland
UMBC,"University of Maryland, Baltimore County"
"Univerisity of Maryland, Baltimore County","University of Maryland, Baltimore County"
University of Maryland Baltimore County,"University of Maryland, Baltimore County"
University of Maryland Baltimore county,"University of Maryland, Baltimore County"
University of Maryland-Baltimore County,"University of Maryland, Baltimore County"
University of Maryland College Park,"University of Maryland, College Park"
University of Maryland College Park/HCIL,"University of Maryland, College Park"
University of Maryland at College Park,"University of Maryland, College Park"
"University of Maryland, College Park/HCIL","University of Maryland, College Park"
University of Massachusetts,University of Massachusetts Amherst
University of Massachusetts at Amherst,University of Massachusetts Amherst
The University of Melbourne,University of Melbourne
U of Melbourne,University of Melbourne
the University of Melbourne,University of Melbourne
Paul Verlaine University – Metz,University of Metz
"University of Metz, Metz",University of Metz
Penny W. Stamps School of Art & Design University of Michigan,University of Michigan
School of Information U. of Michigan,University of Michigan
School of Information University of Michigan,University of Michigan
The University of Michigan,University of Michigan
U of Michigan,University of Michigan
Univ. of Michigan,University of Michigan
University of Michigan - Ann Arbor,University of Michigan
University of Michigan Ann Arbor,University of Michigan
University of Michigan School of Information,University of Michigan
University of Michigan - Dearborn,"University of Michigan, Dearborn"
"Dept. of Computer Science, Università degli Studi di Milano",University of Milan
DISCO -Universita' di Milano-Bicocca,University of Milan-Bicocca
University of Milano - Bicocca,University of Milan-Bicocca
University of Milano – Bicocca,University of Milan-Bicocca
University of Milano-Bicocca,University of Milan-Bicocca
Universitá di Milano-Bicocca,University of Milan-Bicocca
"Dept. of Comp. Sci. and Engineering, University of Minnesota",University of Minnesota
University of Minnesota - Twin Cities,University of Minnesota
University of Minnesota - Twin Cities Campus,University of Minnesota
University of Minnesota – Twin Cities,University of Minnesota
University of Minnesota at Duluth,University of Minnesota Duluth
Institute for Geoinformatics – University of Münster,University of Münster
University of Muenster,University of Münster
"Visualization and Computer Graphics Research Group, University of Münster",University of Münster
University Namur,University of Namur
University of Nebraska - Omaha,University of Nebraska Omaha
University of Nebraska at Omaha,University of Nebraska Omaha
"University of Neuchâtel, Neuchâtel",University of Neuchâtel
University of Nevada Reno,"University of Nevada, Reno"
"University of Nevada, Reno","University of Nevada, Reno"
"University of New, Hampshire",University of New Hampshire
UNSW,University of New South Wales
University of New South Wales,University of New South Wales
The University of North Carolina at Chapel Hill,University of North Carolina at Chapel Hill
UNC Chapel Hill,University of North Carolina at Chapel Hill
University of North Carolina—Chapel Hill,University of North Carolina at Chapel Hill
UNC Charlotte,University of North Carolina at Charlotte
University of Carolina Charlotte,University of North Carolina at Charlotte
"University of North Carolina, Charlotte",University of North Carolina at Charlotte
University of North Carolina-Charlotte,University of North Carolina at Charlotte
"University of Notre Dame, Notre Dame",University of Notre Dame
Mixed Reality Lab School of Computer Science University of Nottingham,University of Nottingham
Mixed Reality Lab University of Nottingham,University of Nottingham
Nottingham University,University of Nottingham
The University of Nottingham,University of Nottingham
"The University of Nottingham, Malaysia",University of Nottingham
"University of Oldenburg, Oldenburg",University of Oldenburg
University of Ontario Institute of Technology (UOIT),University of Ontario Institute of Technology
"University of Oregon, Eugene",University of Oregon
"Center for Ubiquitous Computing, University of Oulu",University of Oulu
"Faculty of ITEE, University of Oulu",University of Oulu
Oulu University,University of Oulu
"Crossmodal Research lab, Dept. of Experimental Psychology, University of Oxford",University of Oxford
Oxford,University of Oxford
Oxford University,University of Oxford
University of Padova,University of Padua
LRI,University of Paris-Sud
LRI-Université Paris-Sud 11,University of Paris-Sud
Laboratoire de Recherche en Informatique,University of Paris-Sud
Univ. Paris-Sud,University of Paris-Sud
Univ. of Paris-Sud,University of Paris-Sud
Universite Paris-Sud,University of Paris-Sud
University Paris-Sud,University of Paris-Sud
Université Paris-Sud,University of Paris-Sud
"Department of Informatics and Mathematics, University of Passau",University of Passau
"University of Patras, Rio Patras",University of Patras
University of the Peloponnese,University of Peloponnese
"University of the Peloponnese, Nafplio",University of Peloponnese
University of Pittsburgh,University of Pittsburgh
The University of Queensland,University of Queensland
University of Regensburg,University of Regensburg
IRISA Université de Rennes 1,University of Rennes 1
Rochester University,University of Rochester
Università degli Studi di Salerno,University of Salerno
"HCI & Usability Unit, ICT&S Center, University of Salzburg",University of Salzburg
Salzburg University,University of Salzburg
Univ. Salzburg,University of Salzburg
University of Salzburg - ICT&S,University of Salzburg
University of Salzburg; Salzburg,University of Salzburg
Universtiy of Salzburg,University of Salzburg
"University of Saskatchewan, Saskatoon",University of Saskatchewan
USTL University - Trigone Lab.,University of Science and Technology Liaoning
"School of Computer Science and Technology, China",University of Science and Technology of China
Internationalen Institut für Sozio-Informatik,University of Siegen
U of Siegen,University of Siegen
Universität Siegen,University of Siegen
"University of South Australia, South",University of South Australia
"University of South Australia, South Australia",University of South Australia
University of south Florida,University of South Florida
Southampton University,University of Southampton
"University of Split, Split",University of Split
"School of Computer Science, University of St. Andrews",University of St Andrews
St. Andrews University,University of St Andrews
The University of St Andrews,University of St Andrews
University of Saint Andrews,University of St Andrews
University of St Andrews.,University of St Andrews
University of St-Andrews,University of St Andrews
University of St. Andrews,University of St Andrews
Universität St.Gallen,University of St. Gallen
"University of St. Thomas, St. Paul",University of St. Thomas
Strathclyde University,University of Strathclyde
University of Struthclyde,University of Strathclyde
"University of Stuttgart, Institute for Visualization and Interactive Systems",University of Stuttgart
"VIS, University of Stuttgart",University of Stuttgart
"University of Surrey, Guildford",University of Surrey
Sussex University,University of Sussex
University Sussex,University of Sussex
"Design Lab, School of Architecture, Design and Planning, The University of Sydney",University of Sydney
Sydney University,University of Sydney
The University of Sydney,University of Sydney
University of Sydney Sydney,University of Sydney
The University of Technology Sydney,University of Technology Sydney
University of Technology Sydney (UTS),University of Technology Sydney
"University of Technology, Sydney",University of Technology Sydney
Troyes University of Technology,University of Technology of Troyes
University of Troyes,University of Technology of Troyes
Université de Technologie de Troyes,University of Technology of Troyes
The University of Texas at Austin,University of Texas at Austin
University of Texas Austin,University of Texas at Austin
University of Texas Austin Austin,University of Texas at Austin
"University of Texas, Austin",University of Texas at Austin
The Univerity of Tokyo,University of Tokyo
The University Tokyo,University of Tokyo
The University of Tokyo,University of Tokyo
Tokyo University,University of Tokyo
U-Tokyo,University of Tokyo
Department of Computer Science University of Toronto,University of Toronto
Faculty of Information University of Toronto,University of Toronto
U of Toronto,University of Toronto
University of Toronto at Mississauga,University of Toronto Mississauga
University Toulouse,University of Toulouse
University of Toulouse - Tarbes,University of Toulouse
University of Toronto,University of Trento
"University of Trento, Rovereto",University of Trento
Centre for Digital Video Processing,University of Tromsø
"Centre for Digital Video Processing, University of Tromsø",University of Tromsø
"IPLAB, University of Tsukuba",University of Tsukuba
University of Torino,University of Turin
"CTIT, University of Twente",University of Twente
TU Twente,University of Twente
Centre for Geriatric Medicine University Hospital of Tuebingen,University of Tübingen
"Department of Linguistics, Universität Tübingen",University of Tübingen
Eberhard Karls University of Tübingen,University of Tübingen
Hector Research Institute of Education Sciences and Psychology University of Tuebingen,University of Tübingen
ICALL Research Group University of Tuebingen,University of Tübingen
"HCI Lab, University of Udine",University of Udine
"University of Udine, Udine",University of Udine
Universiy of Udine,University of Udine
University of Virginia (SSO),University of Virginia
The University of Waikato,University of Waikato
"University of Waikato, Hamilton",University of Waikato
"Information School, University of Washington",University of Washington
"Paul G. Allen School of Computer Science & Engineering, DUB Group, University of Washington",University of Washington
"The Information School, DUB Group, University of Washington",University of Washington
U Washington,University of Washington
UW,University of Washington
Univ. of Washington,University of Washington
University of Washington (Seattle),University of Washington
University of Washington Bothell,University of Washington
University of Washington Seattle,University of Washington
"University of Washington, Tacoma",University of Washington Tacoma
"Cheriton School of Computer Science, University of Waterloo",University of Waterloo
"Cheriton School of Computer Science, Waterloo",University of Waterloo
School of Computer Science University of Waterloo,University of Waterloo
Waterloo University,University of Waterloo
UMWisc,University of Wisconsin-Madison
University Wisconsin-Madison,University of Wisconsin-Madison
University of Wisconsin,University of Wisconsin-Madison
University of Wisconsin - Madison,University of Wisconsin-Madison
University of Wisconsin Madison,University of Wisconsin-Madison
University of Wisconsin – Milwaukee,University of Wisconsin-Milwaukee
University of Wisconsin–Milwaukee,University of Wisconsin-Milwaukee
Bayerische Julius-Maximilians-Universität Würzburg,University of Würzburg
"Human-Computer Interaction, University of Würzburg",University of Würzburg
Julius-Maximilians-University Würzburg,University of Würzburg
Julius-Maximilians-Universität,University of Würzburg
Julius-Maximilians-Universität Würzburg,University of Würzburg
"School Pedagogy, University of Würzburg",University of Würzburg
jacob.heim@stud-mail.uni.wuerzburg.de,University of Würzburg
Digital Creativity Labs University of York,University of York
The University of York,University of York
Department of Informatics University of Zurich,University of Zurich
"University of the Aegean, Department of Cultural Technology and Communication",University of the Aegean
Creative Computing Institute University of the Arts London,University of the Arts London
"Creative Computing Institute, University of the Arts London",University of the Arts London
University of the Arts London https://www.arts.ac.uk/,University of the Arts London
"University of the Republic, Montevideo",University of the Republic (Uruguay)
University of The West of England,University of the West of England
USI,Università della Svizzera italiana
University of Lugano,Università della Svizzera italiana
Università Della Svizzera Italiana,Università della Svizzera italiana
Università della Svizzera italiana (USI),Università della Svizzera italiana
"Università della Svizzera italiana, USI",Università della Svizzera italiana
EUROMED UNIVERSITY OF FES,Université Euro-Méditerranéenne de Fès UEMF
Université catholique de Louvai,Université catholique de Louvain
Utrecht Univesity,Utrecht University
"Technical Research Centre of Finland, Tampere",VTT Technical Research Centre of Finland
"VTT, Oulu",VTT Technical Research Centre of Finland
"VTT, Tampere",VTT Technical Research Centre of Finland
VVT,VTT Technical Research Centre of Finland
VIT University,Vellore Institute of Technology
Te Herenga Waka – Victoria University of Wellington,Victoria University of Wellington
Te Herenga Waka-Victoria University of Wellington,Victoria University of Wellington
Telecommunications Research Center (ftw.),Vienna Telecommunications Research Center
Telecommunications Research Center Vienna,Vienna Telecommunications Research Center
Telecommunications Research Center Vienna (ftw.),Vienna Telecommunications Research Center
ftw.,Vienna Telecommunications Research Center
TU Vienna,Vienna University of Technology
TU Wien,Vienna University of Technology
Technical University Vienna,Vienna University of Technology
Technische Universität Wien,Vienna University of Technology
Vienna University of Technology (TU Wien),Vienna University of Technology
Virginia Polytechnic Institute and State University,Virginia Tech
Virginia Polytechnic Institute and State University (Virginia Tech),Virginia Tech
Vodafone Global Marketing,Vodafone
"Vrije Universiteit Brussel, Brussels",Vrije Universiteit Brussel
"Waseda Research Institute for Science and Engineering, Tokyo",Waseda University
"Waseda University, Tokyo",Waseda University
Washington University of St. Louis,Washington University in St. Louis
Wellesly College,Wellesley College
"Western University, London",Western University
"Whistle Labs, Inc.",Whistle Labs Inc.
"Woxsen University, Hyderabad",Woxsen University
XRCE,Xerox Research Centre Europe
Xerox Research Center Europe,Xerox Research Centre Europe
"Xi'an Jiaotong University, Xi'an",Xi'an Jiaotong University
Xi’an Jiaotong-Liverpool University,Xi'an Jiaotong-Liverpool University
Xi’an Jiatong-Liverpool University,Xi'an Jiaotong-Liverpool University
"Xiamen University, Xiamen",Xiamen University
"Xidian University, Guangzhou",Xidian University
Yahoo Inc,Yahoo
Yahoo Labs,Yahoo
Yahoo!,Yahoo
Yahoo! Inc.,Yahoo
Yahoo! Labs,Yahoo
Yahoo! Research,Yahoo
Yale,Yale University
Yale- NUS College,Yale-NUS College
Yonsei Univeristy,Yonsei University
InIT Institute of applied Information Technology/ZHAW,ZHAW Zurich University of Applied Sciences
"Zhejiang University, Hangzhou",Zhejiang University
"Zurich University of Applied Sciences, Winterthur",Zurich University of Applied Sciences
vonniman Consulting,vonniman consulting
"vonniman consulting, Saltsjö-Boo, Sweden",vonniman consulting
Ecole Centrale de Lyon,École centrale de Lyon
ETS Montreal,École de technologie supérieure
Ecole de Technologie Superieure,École de technologie supérieure
ÉTS Montreal,École de technologie supérieure
"Institute of Applied Computer Science, Lodz University of Technology",Łódź University of Technology
Lodz University of Technology,Łódź University of Technology
Technical University of Lodz,Łódź University of Technology
Stefan cel Mare University of Suceava,Ștefan cel Mare University of Suceava
University Stefan cel Mare of Suceava,Ștefan cel Mare University of Suceava
University of Suceava,Ștefan cel Mare University of Suceava
University Ştefan cel Mare of Suceava,Ștefan cel Mare University of Suceava
